user_id,valid,click_rate,drag_rate,move_fraction,idle_fraction,mean_gap,median_gap,gap_iqr,speed_mean,speed_std,speed_skew,speed_kurt,speed_max,accel_mean,accel_std,accel_skew,jerk_mean,jerk_std,angle_change_mean,angle_change_std,angle_entropy,spatial_x_norm,spatial_y_norm,horiz_vert_ratio,entropy_speed,session_file
user1,0.0,-0.7721044773395236,1.14913003738797,-0.8093316948043633,0.0477622305614948,-0.2236344268111922,0.22444899944054647,-0.15307096484211957,0.07865600540676804,0.45692466626622846,-0.199915840891818,-0.25145574530171316,-0.2750734715948404,0.09489094775652564,-0.20783807665443993,-0.3475952387359061,0.07838380663993458,-0.3175665829010024,-0.42267489342409076,-0.5182913479406757,0.30576850770461134,0.6175009459371662,2.3186698750296677,-0.13013396619365994,0.2413432235967157,session_2020_05_14_1min.csv
user10,0.0,0.31274003363352576,1.1345656209433004,-1.210192184312711,0.31332386243557825,0.01525865502030834,0.22444899944054647,-0.15307096484211957,0.5997453181173376,1.0034420011274883,-0.18427227207329144,-0.23173552389820862,0.2930244304851876,0.1055207947228838,-0.24079037052000318,-0.42357865572682635,0.08340628417970071,-0.32431257692901827,-0.34632333121148123,-0.2344834545901469,-0.3529779200988282,2.821623318004734,1.9607218225473348,-0.09803897437700301,-0.2376785473294381,session_2020_05_14_1min.csv
user100,0.0,0.3023670472430513,-0.9972399646332835,0.8429625736650096,0.39333367528701724,-0.3743486795139377,0.22444899944054647,0.5385830244444951,0.6496747311716523,0.22642741738949126,-0.5780895821824232,-0.31676850475106777,-0.2245281180576028,0.09152401452010833,-0.19114763420809852,-0.4015033711283259,0.07226606747040516,-0.3035833354799843,-0.18785350993399055,0.004221726461088027,-0.33728450718847297,-0.27535569221929573,0.06270462100250421,-0.12638714903910003,0.6591853439252787,session_2020_03_31_1min.csv
user101,0.0,-1.3960471170771944,-0.1831027049906258,0.7098755142035403,-0.08753832036121931,0.08402556427684471,0.22444899944054647,-0.15307096484211957,-1.633914387092541,-1.216558277998915,1.9340022403008943,0.938799702115245,-0.32467669271911387,0.0799223022910771,-0.3681542685480351,0.019529686840418062,0.08139759830866447,-0.3251164585071729,0.036133593413674114,-0.3917468762693431,1.24104857333484,0.3680254288087164,-1.325329933936258,-0.13167132425108555,-1.2750174089684114,session_2020_06_08_1min.csv
user102,0.0,0.8167484117223864,0.3965452131764101,-0.6935137811086202,0.28918786045369355,-0.273970368917812,0.22444899944054647,-0.15307096484211957,0.06465441770731628,0.1249341571426909,0.26956345542459914,0.01845579935384625,0.5472191589840392,0.3452384469493881,1.314374100100535,3.1102221196723208,0.6544047255229661,1.4146900752070621,0.018167328526834416,0.32663966833017616,0.06444205823817598,-1.3433389407092222,-0.47087168877625335,-0.0683927431569654,-0.8345774048073845,session_2020_03_31_1min.csv
user103,0.0,1.3133346097261696,-0.00799805107086564,-0.4945503447680793,0.27102911288111603,-0.24556471761158416,0.22444899944054647,-0.15307096484211957,1.4973761634574685,1.2481538610633778,-0.4761584444324955,-0.29188269994316657,0.6577658246834582,0.08023436144911793,-0.18888493412760402,-0.43655633440169256,0.037203352583293124,-0.1955653290073552,-0.2621338489443523,0.04133136567288688,0.04401142413020426,-0.1927267391409975,0.7286395051757032,-0.12912525558828056,-0.26943533375364703,session_2020_05_14_1min.csv
user104,0.0,0.2972510227053585,0.26835980385224695,-0.37163273901503036,-0.23333577555586044,-0.38786723653041816,0.22444899944054647,-0.15307096484211957,-1.0055332100000283,-0.9963335537681439,0.4458375701604873,0.19559867688681762,0.11490537070684698,0.06998406270014892,-0.3644037774523807,-0.5131290405569731,0.07735859419981261,-0.334033230534727,-0.14576744071379286,-0.2481016554503224,0.07465378268179299,-0.32072446032941565,-0.3158987099912789,-0.14003607897630482,-1.0571247920088112,session_2020_10_15_1min.csv
user105,0.0,-1.4999397295038008,-0.062316491078520726,0.633500400837663,0.3646824717649636,-0.7259786269416751,-2.6411905515561975,-0.15307096484211957,2.669132347937188,2.450487507800071,-0.14250688374601456,-0.18297278498118116,1.8091423306809864,0.18186879589350366,0.2542962966116868,1.3302619805447573,0.10408572389301762,-0.12120129207245596,-0.8917767873808808,-1.9111347736129585,-0.7312296824684607,0.39418401207996345,0.7507083839359204,-0.12507919915623106,-0.958395622407585,session_2020_10_14_1min.csv
user106,0.0,-1.4240697922885865,-0.13804178161603978,0.6772771983636399,0.34222251336227166,-0.022425498578238126,0.22444899944054647,-0.15307096484211957,-0.733248107783685,-0.8536915697254392,-0.02937292354383337,-0.13609630155239566,-0.7783027237509308,0.05560367105564115,-0.42834340810739785,-0.4004514719697549,0.07399771275555132,-0.34196570308253543,-0.6793040095295366,-1.3983342980030993,0.8733893152170091,0.33677362664818017,-0.3049482648827329,-0.1286101365086309,0.46532146085371623,session_2020_05_14_1min.csv
user107,0.0,-0.37084440594124696,0.10759427756600043,0.03839185712473979,0.41537534995319403,-0.03260148292125367,0.22444899944054647,-0.15307096484211957,0.48024903142042297,1.643266954021124,0.07948736802074287,-0.16384923890012312,0.49972717992883686,0.35813218091715504,0.36165099586348537,0.10586765432889421,0.16289333501660752,-0.21431534479576972,-0.35740174926609064,-0.5752496337598412,-0.07162478123119677,-0.4307660517259185,0.27183606341189076,-0.08223325405717921,-0.5809014464912977,session_2020_10_14_1min.csv
user108,0.0,0.09358812555193728,-1.2009367118879544,1.1186052270842246,0.3464946989234501,-0.2546940694750025,0.22444899944054647,-0.15307096484211957,-0.6243764166925866,-0.484223067855068,0.9225881621174804,0.32547517947933813,-0.018189606425626625,0.09325194975534196,-0.288662452424027,-0.255823094718,0.0810387002206569,-0.3258444686135888,-0.2884749503505155,-0.8308664248808606,1.2759637373214225,1.2001987221449648,-0.6083175042361335,-0.1250255353602296,-0.7482332790436531,session_2020_06_09_1min.csv
user109,0.0,-0.5290754174465617,2.700048100371335,-2.393082183315428,-0.2001657265997219,-0.520111531345259,0.22444899944054647,-0.15307096484211957,-0.9694362609273597,-0.838733792955927,0.02482110131329216,-0.12894925576196103,-0.25442903077382034,0.03546395750427434,-0.3465489268107097,-0.4728492001888429,0.012233059575961856,-0.2736730373611866,0.351433642959647,0.37165930071096576,0.004760858854075949,-0.9219085288944847,-0.0357282367829838,-0.08829051957443167,-0.6992437997373717,session_2020_05_18_1min.csv
user11,0.0,-2.2339076739040378,2.430344805990418,-1.4818782946367581,0.299208838937629,-0.006598780117993112,-2.6411905515561975,-0.15307096484211957,-1.0538717196306748,-1.6252825604936592,-0.26244634414651613,-0.19553603859499727,-1.016141246889287,0.0827620772809835,-0.32345013504903386,-0.6993058088725073,0.059161652362907595,-0.24151235859630638,-0.5219027516754859,-1.382836539534089,-1.0407906746270794,-0.19835933859461585,-1.1825582791693179,-0.13673814915580104,0.35414653343995917,session_2020_06_03_1min.csv
user110,0.0,0.5428419540012618,-0.19921836897764605,-0.016093022359179046,0.17215062609897686,-0.41398677909952675,0.22444899944054647,-0.15307096484211957,0.34491186916303135,0.34596862163029435,-0.5842214048871984,-0.35880019833476584,-0.5260834352984908,0.08113440677659026,-0.3420086507146012,-0.41040360059330555,0.08383901157655227,-0.32276197768076653,0.2661194438767285,0.31655124358948783,0.278258303049954,-0.00046500725754190883,0.8476916854484323,-0.13929674554552038,0.931336870233757,session_2020_06_08_1min.csv
user111,0.0,-0.11045473670949568,1.7480666591023257,-1.6380812458327365,0.04283418505238195,-0.07951784200590217,0.22444899944054647,-0.15307096484211957,-0.25216445258578574,-0.3577384478321882,-0.4515879846140483,-0.23451113383443073,0.023886338441306942,0.12071018807103058,-0.3271551881333353,-0.13449907063857816,0.10813181760485463,-0.3039308489445923,0.14239254597275072,0.4175010035543315,0.018530228774293188,0.8593667347328791,2.5278736512193265,0.09248263990105225,-0.22983474026174658,session_2020_05_14_1min.csv
user112,0.0,-0.9573790085992459,-0.396386397612759,0.7471403249773263,0.24484359267137207,-0.4211523370656608,0.22444899944054647,-0.15307096484211957,0.6848871984641816,0.08625250688042996,-1.0326006859316599,-0.4666358194069985,-0.4032374287537371,0.1504656118921735,-0.20765701318480187,0.8886191719084567,0.19536383308805022,-0.10201561934744834,0.0961478805814722,0.020995653284685938,0.7199999714714819,0.24469409630959205,1.2602706241733652,-0.13978123821704302,1.0345847370692824,session_2020_06_09_1min.csv
user113,0.0,-0.7149109229691357,-0.8157093274455359,1.0574891409302767,-0.5336179181371344,-0.07930314651899034,0.22444899944054647,-0.15307096484211957,0.26459105242485026,0.12849080618562575,-0.3583169787355586,-0.2686049222843548,-0.26193900515841156,0.08779371667219436,-0.3014592857737486,-0.09022570479195542,0.0759981378118582,-0.32855247928799436,-0.5221003168099106,-0.7992487882590663,0.06713189279330692,0.8603713175924541,-0.1510535225759185,-0.13444936393626647,0.3062777427603122,session_2020_10_14_1min.csv
user114,0.0,0.6775470938280286,-1.3318994450313255,1.0211780497302316,0.38041901981120074,0.5047015429490642,0.22444899944054647,-0.15307096484211957,-1.101625890464031,-1.0266549844388249,0.08335709726734113,-0.09975170775471878,-0.8341002770239659,0.24676966407224696,-0.04105588139016424,0.4069490351586868,0.1451717091509976,-0.26146753683032037,-0.08766955307983866,-0.051613765202100925,0.05813103684842091,-0.25383240060683443,-2.180348791455682,-0.14000161474277206,0.0028555701583855525,session_2020_06_09_1min.csv
user115,0.0,0.2929875970837961,1.411676816811591,-1.4690103811243176,-0.18555035218875435,-0.23067171915855983,0.22444899944054647,-0.15307096484211957,1.3802356166098617,1.3609086755183808,-0.40155402105449706,-0.2807875201741456,0.6879520123590477,0.09475871396873588,-0.2545245570753003,-1.040665908470741,0.033979102246961004,-0.1927163065380693,-0.21669391739200658,-0.10547285321549608,0.414846018055236,0.7135800850994886,-0.11886453753487308,-0.13524787843724384,-0.2684332465435905,session_2020_06_16_1min.csv
user116,0.0,0.02758162690329354,0.6660573164414035,-0.6507920452392275,0.43073006112444523,-0.15150807787020595,0.5428533939957402,-0.15307096484211957,0.40296805307902306,0.869385934475497,0.577058418950938,0.1767967016375415,1.0027514392036179,0.10642578040107327,-0.19317162126438794,-0.5138340531303583,0.08018676328547436,-0.3097281206539967,0.12309407170820454,0.3184489487135585,-0.2585486277176809,1.0898549155352537,-0.5386617110651878,-0.11275457359070584,-0.9168235215280574,session_2020_10_14_1min.csv
user117,0.0,-2.706209005456575,-1.9371679418082701,2.896987515103287,-6.8908818116747,-0.6455533950838882,-2.6411905515561975,-0.8447249541287343,-1.339807865066186,-1.0256285885377685,0.9720344415703461,0.6997923252862424,0.9320347410030657,-4.8688877107317765,5.055032711054922,-0.8225071451568248,-6.063602486080409,6.887829362780873,6.239264431641073,5.525074535208963,-6.0210642656019076,-0.7690318883710272,-1.2828718617006643,-0.05571985742013066,-1.6007621579514535,session_2020_06_09_1min.csv
user118,0.0,-0.20130669686010857,-0.34963832880464624,0.41307081581356436,0.41413737879892015,-0.21051919755204354,0.22444899944054647,-0.15307096484211957,-0.08477814194612027,-0.017101466561036442,-0.39093166389911194,-0.30715246276281577,-0.3968559275112361,0.06374102163122376,-0.3251303614803621,-0.4196476664637956,0.06232214309282982,-0.3091311721422926,-0.4264453740189097,-0.5641137918454258,-0.6172293317388005,1.5064088638247386,-0.14940896459640357,-0.12331065205762602,0.2815003706541914,session_2020_10_14_1min.csv
user119,0.0,0.1202448741299829,-1.3603987340247699,1.2616934051685527,0.039789477126058084,-0.25980137205040593,0.22444899944054647,-0.15307096484211957,-0.3279855118263665,-0.6816078849110797,-0.775317064868172,-0.4153402430833873,-1.0093323871027031,0.05385184466752994,-0.38261964519781205,-0.33133608239207213,0.05457140678744463,-0.30047445696248665,-0.22008020696451935,-0.31550311985927476,1.369536518193844,0.16398646282867282,0.059715013279131236,-0.13774229241229205,1.6806303484192229,session_2020_06_09_1min.csv
user12,0.0,0.10338953052698922,-2.1427295367562587,2.020150897673129,0.4507531435082131,0.27768859329103507,0.22444899944054647,-0.15307096484211957,-0.39689527600290364,-0.04812446058825458,-0.08399551132221292,-0.20373421674467387,-0.31519486716944556,0.1725162662782124,-0.14620992427400276,0.061332533109126,0.10637994748067586,-0.29752454572340237,-0.22376375547965546,-0.372738855212216,-0.20562678723606675,1.368474900846294,0.5111625437145473,-0.1214001110326406,-0.13825096334781875,session_2020_06_09_1min.csv
user120,0.0,-1.890193900315927,-0.5439455116134465,1.2457029286618817,-7.073186637184379,-0.45616438084066346,-2.6411905515561975,-0.15307096484211957,-0.9856144817137075,0.7777867227300905,7.258443155677326,9.661243451059681,6.832595989242723,-9.777854100030881,7.736817982518261,-0.5466521683591047,-8.911586980792611,5.7102804087101635,8.071266955390847,6.456502757736992,-6.142842887000276,-0.17438111631453015,0.7754214459083995,-0.1358218684270864,-2.6617951024804634,session_2020_05_21_1min.csv
user13,0.0,-0.5251936878355867,-1.0790404437257863,1.238064267899898,-0.27898895180952915,-0.39121475914162845,0.22444899944054647,-0.15307096484211957,0.1181954457104476,0.2750484653698783,-0.17989165970281928,-0.21768183885616327,0.0561420346043433,0.062025437514843386,-0.3397320280731065,-0.45364814583330243,0.06802603595731703,-0.32629449357479423,-0.18586919267707253,-0.4915966761836605,0.5205033049079937,1.8598814922955642,0.6377608436543009,0.052800734016096335,-0.21416137320851777,session_2020_06_10_1min.csv
user14,0.0,0.5341460818404781,1.0911285179145909,-1.253107398577588,0.12830795620760893,-0.2735789288138554,0.22444899944054647,-0.15307096484211957,0.9899042958326133,0.7226515465102815,-0.4880939668411903,-0.25509353538831564,0.3072725716459893,0.18244811036402211,-0.0665123850322934,1.2537650614987976,0.2763121213576274,0.05319611122421832,0.23855370763235584,0.2723644620185021,0.6962527119839291,-1.0590103637872101,2.305162820115563,-0.02836225090664586,0.08425708231460242,session_2020_10_14_1min.csv
user15,0.0,0.548115612597513,0.38021157379837556,-0.5750840223062383,0.0388193357761104,-0.1586436323707247,0.22444899944054647,0.5385830244444951,-1.1848905515380221,-0.9829796357830762,0.3983579875063247,-0.013868396345236766,-0.9069562995631377,0.06608106036980693,-0.26740230703998047,-0.05844714169447026,0.0614279101347063,-0.11781343180289047,0.13651846584955846,0.19181249529640657,0.2002060780879397,-1.9220078390879451,-0.8838069226064434,-0.11690336677405273,-0.07896888308385837,session_2020_06_03_1min.csv
user16,0.0,0.3161793275687881,-0.002595099869966753,-0.11841708868203481,0.4309740045362518,2.799861524208947,0.22444899944054647,-0.15307096484211957,0.7452575453933037,1.4301601205512076,0.5235412671624767,0.1704290085370894,2.0714770978453663,0.1900877002383928,0.21829955301334875,2.2822782099655523,0.30618592332792366,0.3208459045213067,-0.33308350499210587,-0.18260036786096662,-0.8265599996640633,0.3722163965713732,0.7208575074658814,-0.06204310327476364,-1.457853366206096,session_2020_05_14_1min.csv
user17,0.0,-0.7505993935407126,-0.7396757870262989,0.9980500570006722,0.33491582700384415,-0.3903162408363773,0.22444899944054647,-0.15307096484211957,0.23601897706499955,0.3961299074492637,0.30260308190055907,0.046060577613145186,0.37535517702378574,0.08582500699961117,-0.3126199862119745,-0.3065286220371509,0.08699655952207903,-0.31063755231514484,-0.02193054557451296,0.040307341339081336,0.7467823880174259,-0.26324590550402643,2.6853432376307937,-0.13649757315772146,-0.461002981688841,session_2020_05_18_1min.csv
user18,0.0,0.37810324661289263,-0.5630868668570973,0.3966723398100118,0.3074476561548104,-0.056628850515222984,0.22444899944054647,-0.15307096484211957,-0.5270708923136924,-0.8960930221134894,-0.44453370067344145,-0.3118485202707563,-0.8078891875595317,0.13029167323507773,-0.33909903399363456,1.155826469992333,0.15262718741564923,-0.17993889905062194,-0.4450073955848224,-0.5958460228631863,-0.3093132361300045,-0.16535474588189103,-0.2980220140859528,-0.13391108787589998,0.738181781838049,session_2020_10_14_1min.csv
user19,0.0,-1.6722037486290757,0.4874919318938525,0.17087595990929041,-1.3848567466935982,-0.9091112697892799,-2.959594946111391,-0.8447249541287343,1.8888340978550309,0.48241360436178504,-1.1976750005469585,-0.501121283716904,-0.3510976152556246,0.14567991000574418,-0.11012130571438457,-0.1295591423919266,0.1487064369755151,-0.14651274601780007,-0.6384271627500164,-0.9864286175132448,0.08759597226745292,0.07583538957005571,0.2721221436741387,-0.13164094535456886,1.713774494855197,session_2020_06_09_1min.csv
user2,0.0,-0.507225963096703,1.6117651523438141,-1.355330929794768,0.23666736816536482,-0.1135159184429725,0.22444899944054647,0.5385830244444951,-1.0602077160887893,-0.7030705666013944,0.1561858069519415,-0.09694376163974297,-0.5636619022245192,0.19846236029718708,-0.022603956069983576,0.1458138780701088,0.11648859731453302,-0.27421568081579906,-0.02895588700260193,-0.18187214158002,-0.9253987501891425,-0.5549246960268174,-2.920140894701548,-0.09718745685795141,-0.2562076880919676,session_2020_10_22_1min.csv
user20,0.0,0.4468223895460719,0.0268351112767166,-0.1966665637340333,-0.040436848250685616,-0.32739587019626554,-0.0939553951146473,-0.15307096484211957,2.276199162742459,0.8545585888535098,-1.2112197149559363,-0.48392720067232603,-0.15986290377824203,0.06152222429139363,-0.2630803816941898,-0.4871873292586352,0.05304899896315754,-0.2854103807625542,-0.16237250805935008,0.040772681284573974,0.2922762362125363,-0.1906848363862433,0.3358892211368518,-0.12481440855496388,1.570841539925338,session_2020_10_15_1min.csv
user21,0.0,0.14448652766266268,-0.08378303723235568,0.025282276780955744,0.33198990254932137,-0.4242118859022006,0.22444899944054647,-0.15307096484211957,1.0510725809335142,0.05635210399335584,-0.8336945048487892,-0.29180505049768796,0.49078606732544033,0.16071861149886998,0.3752266617401047,3.4513063072926564,0.2853420446086979,0.5206317823824433,-0.5189162979026976,-0.06284461999993059,-0.30206485214806034,0.8177321200530757,0.4174279544544325,-0.11453517240272476,-0.15017542334673628,session_2020_06_09_1min.csv
user22,0.0,-1.5501356628057217,-1.002510943886235,1.5564535067514866,0.22550705311968414,-0.1536069520768069,0.22444899944054647,-0.15307096484211957,-1.6254910371064282,-1.677023433337418,0.4501180643050729,0.08286202000675776,-0.9813927103496867,0.06181178860638607,-0.4585989399127129,-0.5273530908775405,0.07378657089409088,-0.3393895296328505,-0.3878266962682845,-0.5953759267462664,-0.11383902423872577,1.7020662093232,-0.3769782174375967,-0.12168966419922775,-0.7041502922475689,session_2020_05_31_1min.csv
user23,0.0,0.20388762421083859,0.8984901124872265,-0.941638965871971,0.14666992389261846,4.355128457027588,0.22444899944054647,-0.15307096484211957,-0.31934451898791827,-0.1920577727472618,0.03615957676510618,-0.11491325167529431,-0.4419311307750531,0.09497770744933594,-0.33845438849163506,-0.441794272500808,0.08438521621147674,-0.3326826720069178,0.32447742514463684,0.9194799826903679,-0.3866490080146638,-0.7871827355514743,0.6666598750617433,-0.13244902294086264,0.3092027335010436,session_2020_04_01_1min.csv
user24,0.0,-0.1081750118117304,1.9025746599642406,-1.7874731267564528,0.302761980429236,-0.4398114493512285,0.22444899944054647,-0.15307096484211957,-1.0182904704457816,-1.605406081495239,-0.7723736452298487,-0.35354280873833,-1.2787650896499942,0.06721106695137641,-0.3909870532631783,-0.4721643397006053,0.06420521366922526,-0.27330885993977977,-0.27040156084058037,-0.2147720605332637,-0.4433395973357914,-1.1541333096471909,-1.6706078715603885,-0.08555194744474505,1.7244959475010475,session_2020_10_14_1min.csv
user25,0.0,2.4253053313790014,0.052919600810561296,-0.9783410744527838,0.3981881400273678,-0.1433578365641706,0.22444899944054647,-0.15307096484211957,0.886624591186547,-0.5355206363531303,-1.5365272517130277,-0.5375794655530632,-0.6571637308271514,0.11009212007799374,-0.3170573456493797,-0.3758459200237591,0.06164035498405853,-0.30491172538954037,-0.32202693228406176,0.2833837343732109,-1.48504504065047,0.14609988020138182,-0.9159068584016716,-0.002887332757928819,2.0473332694930235,session_2020_10_14_1min.csv
user26,0.0,-1.6476710105631218,1.2246019621599415,-0.5470492285692033,-1.071480090878464,-0.9112678657085294,-2.959594946111391,-0.8447249541287343,1.1133018769744825,0.3409745570898485,-0.7196993785451902,-0.3679180678860107,-0.007908087829740859,0.13085818244116898,0.04529005915661025,-0.40257939060565595,0.13958181684202495,-0.14738628607715942,-0.46093939278678187,-0.8791918087699319,0.02307716020891636,0.27799080030721773,-1.198825427452116,-0.1270424828860428,0.4581131028019488,session_2020_05_14_1min.csv
user27,0.0,-0.01904594751676115,-0.4357847582438499,0.42617947524647104,0.3655330919354786,0.1536655142889737,0.22444899944054647,0.5385830244444951,-0.434660426708773,-0.1057771266243029,0.1806010073812736,-0.045495712426178024,-0.21080835748141227,0.21436983220032177,-0.043840498054530455,0.40323233230013544,0.11334911963492335,-0.27466829763334843,0.6693461301529458,1.0773023900493544,-0.2484851297124804,-0.6084244804896106,-0.016058608211966495,-0.12133189757225649,-0.16809568972061742,session_2020_10_14_1min.csv
user28,0.0,-0.5302895578711517,-1.2122591770871836,1.3680688769750724,0.4369445461053467,1.5597870215194398,0.22444899944054647,-0.15307096484211957,-0.8510489377027328,-0.7073928363070698,0.013840712695853047,-0.12378277847906433,-0.732722856065793,0.13074675209005387,-0.309452328209156,0.0352294414007849,0.10029356732107532,-0.2943226241220775,0.3991368328177578,0.26628744985114355,0.24778347935468983,-1.06668742983043,-0.2768231910337595,-0.12797243492525673,0.20482603234089095,session_2020_03_31_1min.csv
user29,0.0,-0.5550363670652333,0.6429065700292735,-0.4057368272147798,0.10981548399585314,-0.37842234536823754,0.22444899944054647,-0.15307096484211957,-0.30296191209599765,-0.5671893092913114,-0.13483500721539313,-0.169218164292009,-0.48248489554684515,0.06366688627720127,-0.38149896673107503,-0.3953910909920079,0.0708437524232719,-0.3335516906330148,-0.3971048524843197,-0.582966330718069,-0.029018036106200146,-0.657158475707858,-1.180017835543685,-0.11256026221160782,0.32086009041702584,session_2020_06_04_1min.csv
user3,0.0,0.11691005207190047,-0.8037529510158682,0.7278955797543241,0.35030964761082223,-0.4109200436973001,0.22444899944054647,-0.15307096484211957,-0.3425902467662482,-0.6375709444543364,-0.17365920224050133,-0.17341663825599793,-0.6442060398037105,0.058415533531213044,-0.30951294936334023,-1.1408790964731768,0.019193532573318406,-0.1741175590764678,-0.24657610414041659,-0.4506813900717076,0.41277048551466045,-0.018512661235315975,0.07978132837491976,-0.13161021074546014,0.5936953594802546,session_2020_03_31_1min.csv
user30,0.0,-0.7611711134145206,-1.4057267486371048,1.6423311555513482,0.07830977760750286,-0.039690126133767066,0.22444899944054647,-0.15307096484211957,-0.838664432597953,-0.7842686085510013,-0.27803359669320377,-0.26540753394839367,-0.840533368490989,0.05463123792420561,-0.4139691269550762,-0.41426746407653303,0.06945686353038699,-0.3322138828714554,-0.3506473201025119,-0.8058033888758119,1.228747872539396,0.3911119115892615,0.10069027574591773,-0.08607284593382467,0.5174996519063565,session_2020_06_09_1min.csv
user31,0.0,0.051107857490663974,-1.4153109663101846,1.3409165372038054,0.275198650729984,0.1278050983285565,0.22444899944054647,-0.15307096484211957,-0.17481600937842193,0.6792649066475037,0.6229943656725349,0.19050786909880815,1.0715925819397853,0.10247630892575064,-0.2017422226281706,-0.4104740345472464,0.08188625925178772,-0.32369618853041493,0.8217756030705718,1.9650408959043564,0.43027712854981776,0.5499181715381599,1.4951129382126147,-0.10964006861511925,-1.1874600307272807,session_2020_10_14_1min.csv
user32,0.0,1.0579882307337949,0.050197804841460684,-0.4528426307832355,-0.41499810758861994,0.2986576374070121,0.22444899944054647,-0.15307096484211957,0.9772108336927641,1.2959305141091078,0.3985106591507956,0.04629557886775903,0.6264771109807834,0.0702667156539408,-0.2598246142099416,-0.42026364873248684,0.055244891056007245,-0.2917070739715343,-0.33720348797763994,-0.19850457076750946,0.4391900591571431,0.6307856425211333,0.41339971976745143,-0.13996806044898394,-0.4163863552388086,session_2020_05_25_1min.csv
user33,0.0,1.1985709956919788,0.06469795641948409,-0.520541745439703,0.3907159758650659,-0.19908437394855472,0.22444899944054647,-0.15307096484211957,2.2253796132001966,2.0373743465224474,-0.5960728163439277,-0.3263641396338388,0.9525757051446055,0.14659898552083886,-0.05415434449791732,-0.5641573816245801,0.03723299451723064,-0.10205658967067677,-0.2233191308950037,-0.17890202286577794,-0.1776836723220289,-0.09833248914596616,0.6437167470501876,-0.02176787362586593,-0.30101379864848926,session_2020_10_14_1min.csv
user34,0.0,0.8359321310870239,-1.5520047809463697,1.1721844933930037,0.2455026942895029,-0.40162801488295424,0.22444899944054647,-0.15307096484211957,1.232431001143269,2.1791471639356406,0.3135676328455913,-0.03488724289213983,1.4069009689544414,0.09206994610619872,-0.2054798860871248,-0.331357673859605,0.08926876139330656,-0.23847015678128144,-0.17281846926570607,-0.18545880909477505,0.6121012982589249,1.961471051482663,-0.3363479485251661,0.24265979155497663,-0.9630221247102082,session_2020_06_09_1min.csv
user35,0.0,0.6357359249261925,0.7646989205616211,-0.9781779485597256,0.34518976963414677,0.13862978081836677,0.22444899944054647,-0.15307096484211957,-1.7339871233523356,-1.7502371947588156,0.7470980147482313,0.33054155498418175,-0.7404479496037797,0.10683687502284828,-0.3820064072581101,-0.21863993084322156,0.08502647285531642,-0.3211478151003054,-0.08565218710871962,0.020511187824387257,0.4748648144689131,-1.9401239263699797,-0.1711306828064968,-0.1273763063828762,-1.058548390513023,session_2020_05_14_1min.csv
user35,0.0,0.17960006835587838,1.1368225928442288,-1.1614470107190222,0.3067179887729142,-0.34985092319873945,0.22444899944054647,-0.15307096484211957,-0.5619374233600061,-0.5467363360855818,0.3334812849489298,0.11278764104583189,0.004091900594496631,0.10423684607261398,-0.30766089474901254,-0.21151405516426666,0.11666802399170861,-0.2545884527066284,-0.2148630122548684,-0.1831813548733964,-0.6629880538885139,0.01671391873078992,-0.2642034733294172,-0.1278087306280839,-0.48748577162463785,session_2020_10_14_1min.csv
user36,0.0,-0.5821901922035638,0.5068025790427684,-0.2645234921541132,0.40637231145539965,1.0130472623907176,0.22444899944054647,-0.15307096484211957,-1.1407348172789071,-0.9257110939018026,0.3340906026183567,-0.011054208614488737,-0.7443698430770382,0.06918822921806576,-0.3757727029458123,-0.20113056665338963,0.0798460682653732,-0.32184662683999404,-0.24491807034752014,0.004851090427831886,-0.6238629144798281,0.3941747469488549,-0.37240583992713583,-0.12197588627840524,-0.16229291742860275,session_2020_05_18_1min.csv
user37,0.0,-0.8110567196497553,0.8075507869936072,-0.4660943564005228,-0.08005918441058865,-0.15791331587429114,0.22444899944054647,0.5385830244444951,-0.7987865066128351,-0.46665182208242606,-0.10809965339578573,-0.2178869600036763,-0.622841658345729,0.06663998544565557,-0.3832918209682751,-0.5106238766327758,0.06740226503459772,-0.3273552850129672,-0.3028372525594337,-0.6273780960789627,-0.09646848142288687,0.7000463986722907,-0.652352891520524,-0.13534479666237578,0.07305390340660216,session_2020_05_14_1min.csv
user38,0.0,2.1067401872484215,0.4588323668091461,-1.2466988020220422,0.3637620936909014,-0.3000753151404413,0.22444899944054647,-0.15307096484211957,0.35524905868224754,-0.4302377521125033,-0.9251729121154637,-0.3939665711116496,-0.32797817438357185,0.10011412466686372,0.5651075991015104,-0.6297566868825721,-0.08469755224735355,1.2990370949566672,-0.2880651341635668,0.31313512624366563,0.5911357946383876,0.0143643032982795,1.0128355029821074,-0.100689406234519,0.7314133385386707,session_2020_05_14_1min.csv
user39,0.0,0.18361341702139797,-0.09323444831672213,0.019404703877159406,0.4303730838454641,-0.02040590439877526,0.22444899944054647,-0.15307096484211957,0.8387514037812568,-0.3102971612178252,-1.4545046973176081,-0.5649401486012284,-1.1112179812533782,0.10175757783946757,-0.3818935742578092,-0.41109384658196435,0.08627438191150232,-0.3330210216834817,-0.6270481690687884,-0.5852127883082819,-0.22932872070603733,-0.7429312430291843,-0.26184396767494594,-0.10351055993747185,3.889375096888134,session_2020_06_01_1min.csv
user4,0.0,-0.11648439972972686,-0.008206431366290949,0.052433737444096004,0.37781690251470473,-0.28767486017300903,0.22444899944054647,-0.15307096484211957,0.21124336715624373,-0.3105389181772768,-0.08420722197066495,-0.07375342679531963,-0.0564443319288242,0.16073574365216683,-0.14458434215823363,1.6015159952975648,0.21192186074742672,-0.015147346056917798,-0.5533559395427704,-0.5783738358096896,0.11381882414882093,0.0828313014075868,-0.36464401835101745,-0.12659348693994027,0.034725591867901494,session_2020_10_14_1min.csv
user40,0.0,0.746476816322655,0.2703061747285801,-0.5452942164597859,-0.6335259328666059,-0.24909279983909735,0.22444899944054647,-0.15307096484211957,-0.6363081535543559,-0.7576462022371601,-0.39013983701871197,-0.2651570005880561,-0.6451298295650927,0.0962323036966745,-0.41571031611209625,-0.35276584602375,0.09766536639422164,-0.32297853844761837,0.33550788265455456,0.7236375654438933,0.883799740135374,-0.31669292520058007,-0.12203255035210199,-0.11314795544383874,0.38164239390883853,session_2020_05_18_1min.csv
user41,0.0,0.47236056645553504,-0.3218412819554527,0.1287307864837949,0.22579034561128214,-0.49955093954545765,0.22444899944054647,-0.15307096484211957,0.31763457947749824,-0.3593502463784635,-1.0679584616035767,-0.4722645859011452,-0.9773621395828737,0.13331739809993923,-0.2349930337605019,0.38943284921644805,0.19077366248925642,-0.12950394457420789,0.2848793932264405,0.8334844838792625,0.42280057298320545,-1.8235748756298915,-0.36413823454601074,0.008786776129325944,2.5408081320988316,session_2020_10_20_1min.csv
user42,0.0,-1.0007678722363702,-0.6728586299011174,1.0294904811356953,0.3394610672164279,-0.11344616260879507,0.22444899944054647,-0.15307096484211957,-1.5988158499416167,-1.8216723406134792,-0.6011808726354764,-0.34768919806400167,-1.3925936877884624,0.06340594214737734,-0.46631553768192646,-0.3863632980011562,0.07831620418356912,-0.34396201812692606,-0.03682980865543148,-0.4860234929365777,1.1740293428774984,-0.8381845314631247,0.12775674388088992,-0.1282744028301432,0.371269560633364,session_2020_05_14_1min.csv
user43,0.0,1.2617108165014919,-1.0269949914297143,0.504697311945508,-0.25068489279628764,-0.12103174414404481,0.22444899944054647,-0.15307096484211957,0.5403940086159017,0.6348283600890573,-0.1751975421301948,-0.2429729182913099,-0.26818897249413726,0.06768197687969839,-0.29966351168353345,-0.4824359658570137,0.05403939354158868,-0.30782834934139747,-0.1370984623940222,0.05231705226514078,-0.07529679651799734,-0.5098979056620662,-0.3205055611204245,0.9873096365505207,0.48204080943808614,session_2020_05_14_1min.csv
user44,0.0,0.730669739099097,-0.018145144731473384,-0.26197689975555827,0.31164185865720295,-0.4618415611010307,0.22444899944054647,-0.15307096484211957,0.10829826544969316,0.44130271372718016,0.335197167946387,0.0445952179594299,0.5626080993392405,0.09861509656970138,-0.11710849059487229,0.7222422653205923,0.14297514457560143,0.14233383344779008,0.2839794562404824,0.4863589516088227,0.43892724197627697,0.8951174288404158,-0.3689622736846549,0.4718228250614513,-0.7046832894530385,session_2020_05_18_1min.csv
user45,0.0,-0.8694389412299331,1.71349541219288,-1.314603098236623,0.3860119380271077,-0.21651791428384878,0.22444899944054647,-0.15307096484211957,0.07189745162365975,0.45512237841075764,0.7516584267194606,0.21537541464310128,0.38285584361485686,0.16765970838688382,-0.11914995043156726,0.974734247799724,0.09016026009206177,-0.2848597552590523,-0.3248255034017488,-0.6842652856188969,-0.23686105976331157,-0.9967527446322747,0.2252141104870482,-0.08230673844413286,-0.6623195567305993,session_2020_10_14_1min.csv
user46,0.0,0.9013885001232002,0.40132307998623373,-0.7304740950889943,0.07028686872709577,-0.12293475476842962,0.22444899944054647,-0.15307096484211957,0.029659801077389303,0.5278242393589541,0.029798515247257087,-0.1697110234196295,0.22452480256657673,0.1151824175070023,-0.13412544690942454,0.014971269464898882,0.07749000533604798,-0.2734270385953552,0.5527453637273237,0.9527688956601718,0.23700303253844146,-1.6563240776364014,-0.23458930584158877,-0.11084193560830981,-0.5057796339661027,session_2020_05_18_1min.csv
user47,0.0,2.8342730517663495,-0.27951838577756755,-0.8151819011761946,0.25788048607662,0.229223607236036,0.22444899944054647,1.9218910030177243,0.28067848670989615,1.210385358664075,0.28277114528082,-0.015420272111363296,0.6947288852528216,0.14557878856766832,0.031567554342041594,-0.45905247380316083,0.07514258217141584,-0.29625369823710673,0.7462347679442897,1.7433631762750137,-1.1655629049500889,0.6385248505056109,-1.1257631734440272,-0.12493645340682208,-0.6696894563117175,session_2020_06_16_1min.csv
user48,0.0,-0.7935716194233555,-0.8108933986722049,1.0829408573025678,0.4186027274580032,0.8648828729877659,0.22444899944054647,-0.15307096484211957,-1.1063365306848711,-1.0479470945447085,-0.18626512786109284,-0.23393358795099756,-1.0769749345372142,0.07116540961627796,-0.39158000964474393,-0.4105969269953718,0.07864907026817275,-0.33767176624368256,-0.025669187074232838,-0.25112501219575123,-0.19259851964060737,0.6104056847805084,-0.39071912825565874,-0.12348144982277567,0.5786831726265166,session_2020_05_25_1min.csv
user49,0.0,-0.2659841436508481,-1.462991095274081,1.5080094701574644,0.350732921781034,0.03352788815025833,0.22444899944054647,-0.15307096484211957,-0.45248171251017955,0.040734399768546675,0.21873649132420303,-0.07467755788611537,0.0028850374810748948,0.10814158335241614,-0.2609861196929316,0.07410249294797959,0.08373719224466357,-0.31745381382908333,-0.015872849810469946,-0.18275588482782643,0.7789438330776733,-0.7914576126797299,0.5393550780760081,-0.10864222087698894,-0.509066020687499,session_2020_05_14_1min.csv
user5,0.0,-0.1355859941155847,-0.25033104641607146,0.29247960168602,0.4335984578020129,-0.33337278095089673,0.22444899944054647,-0.15307096484211957,-0.9038295420975946,-0.7484903427325376,0.06820375591263692,-0.12606961413543646,-0.4487003696090674,0.06794926547082693,-0.3502658807912173,-0.4305080892928033,0.06622608235656208,-0.31556257061465764,-0.3399671878752879,-0.6323297557401774,0.7228493345291631,1.181488672844463,-1.6299327394829213,-0.12504073693057138,-0.3221545080490296,session_2020_06_04_1min.csv
user50,0.0,0.21326548986871674,-0.717940678255799,0.6085612070473514,0.35651986997141527,-0.41543978527215414,0.22444899944054647,-0.15307096484211957,-0.6785412559360381,-1.1074183122478578,-0.2806556694940045,-0.1635633285668109,-0.6920163215503685,0.07185631631930188,-0.3897092458939946,-0.4043380603375775,0.07773271982033547,-0.3311945550940527,-0.28964737619004705,-0.19324243336741398,-0.6685081656064579,-0.6391603520574577,-0.4192883709528411,-0.13270666161330544,0.36820945268666716,session_2020_05_18_1min.csv
user51,0.0,0.6893575029604729,0.6325251481793474,-0.8716322173137409,0.48798291126015847,0.6582934785248911,0.22444899944054647,1.9218910030177243,-0.6202576905333858,0.10327623825590021,0.5506565821437749,0.07132272432736265,-0.003170063947751565,0.11706074491326572,-0.22623698085944344,-0.26602768735471477,0.08500458485395866,-0.3162617031289438,0.3481207592190526,0.23550742053021426,-0.11842757202709289,2.628176024771821,2.732563267490895,-0.11949240021609918,-0.6090268008838213,session_2020_05_18_1min.csv
user52,0.0,-0.5888381346906092,0.05806510739217413,0.16936553810914956,-0.12745769680131708,-0.483649532602602,0.22444899944054647,-0.15307096484211957,0.5365337174929998,0.689172934856456,0.3901835344904104,0.0786749453602896,0.4835242690243202,0.08579905547934202,-0.33159413192397474,-0.1750652993186736,0.07768813512621185,-0.25019297990071454,0.07200469575982035,0.21248973031739204,0.23733890432271457,1.7893330777126273,1.4857679139036992,-0.1276793291594125,-0.42177926775144603,session_2020_05_19_1min.csv
user53,0.0,-0.11749233791512767,0.3350208271286342,-0.2771063813047157,0.4797156826597605,0.1773175933945763,0.22444899944054647,-0.15307096484211957,-0.5138171832231441,1.0814129147200247,2.1244116718321377,0.8726297724071921,1.3763574875948863,0.509970030594184,2.485517957568301,2.8329467015543424,1.0760570048234954,2.5029477769412893,0.011129663046397412,0.32586403503666306,-0.22392127917165922,-1.5318434210328435,1.0938724311949506,-0.13067958891478335,-1.550394631441579,session_2020_06_09_1min.csv
user54,0.0,0.7083492668814002,-1.7290111840921047,1.3911206162678296,0.2834459200897655,0.5840547836983098,0.22444899944054647,0.5385830244444951,-0.9155405556043528,-0.3093816569085011,1.0742610070378997,0.38725881542679136,-0.19682764300005337,0.4295231114764138,1.5142994097148406,2.376100838513574,0.8479750388443543,1.7141993768432964,-0.2594350186239009,-0.7242918234407582,-0.8902097636886582,-2.6366676969162945,0.6907421633333419,-0.12301935305529675,-0.6651210890911471,session_2020_06_25_1min.csv
user55,0.0,-0.8886747234242417,-0.9754977793524021,1.277534858017581,0.17337294317812596,-0.01235793930764198,0.22444899944054647,-0.15307096484211957,-0.8398610583602881,-0.3510644375052826,0.551890174125075,0.08692777733935667,-0.24955619613761276,0.10422568561630938,-0.26927637960256134,0.20237881716039025,0.1322084126895062,-0.18653661579460357,0.3924277575723536,-0.018228055013595392,1.4054800177274236,-0.3987072998230261,0.37973625874898437,-0.13682001679300132,-0.526046400623051,session_2020_05_14_1min.csv
user56,0.0,-0.9922318577428121,0.21089373396365974,0.17672342914080688,-0.5957119073263637,-0.3399292207432174,0.22444899944054647,-0.15307096484211957,-0.0321232584111538,-0.6354206029917905,-0.8866678193946373,-0.4228233551451442,-0.7169014390935124,0.08420699399660192,-0.42476951472747765,-0.19643145458848882,0.08524804157870111,-0.31890405748026873,-0.6818251805360508,-0.8673519325757405,0.7827161653351657,-0.4951113710756114,1.1077978053013364,-0.1221180025670077,1.190699316589493,session_2020_06_25_1min.csv
user57,0.0,-0.4299127858197798,0.10764936976306717,0.060927515547516777,0.40035374216929565,-0.44630736517834885,0.22444899944054647,-0.15307096484211957,1.1749128811922707,0.07387914187264526,-1.1614967754386984,-0.49640381908359,-0.7874976117040905,0.0856902075156733,-0.3952091630510384,-0.3699547466060637,0.09235703161551793,-0.3154884434639246,-0.49727795128778784,-0.3119580943014538,0.050117848302143025,-0.7495929652237933,-0.48745191358567275,-0.09659268316311448,2.666805726791063,session_2020_05_14_1min.csv
user58,0.0,-2.0797219965854525,-0.4275620493292487,1.2063082054211614,-1.9320676551800318,-0.1813534515766422,-2.6411905515561975,-0.15307096484211957,1.0054123881186983,0.02065571214454931,-0.7769893439086918,-0.3535666053770455,-0.20745548635152317,0.20272203638361974,0.028575285738955552,-0.6685500517305711,0.1113203095524027,-0.19970486801889015,-0.9679175931517859,-1.3972959890610077,1.1931408969061807,-0.35510393273313967,0.806958993981465,10.91665901682749,0.8375417267944686,session_2020_06_03_1min.csv
user59,0.0,0.520400626725692,1.4043043730305467,-1.54888973536817,0.1999455001845377,-0.07909026574467243,0.22444899944054647,10.2217388744571,-0.21948084676200835,-0.4317017860994642,0.30852918482923014,0.22991951496282342,0.6939522204747828,0.05842683538826745,-0.2603770833476918,-0.3672909203910273,0.06789446416970492,-0.31931788444687376,-0.17674208850240936,-0.11500848445850433,0.37405789001338285,-0.39517280776763575,-0.6086113994266896,-0.060162812653783995,-1.0092633167550298,session_2020_03_31_1min.csv
user6,0.0,-0.03444972342416071,-0.37924646880972834,0.3777229435650122,0.24498936092642018,-0.2044166894579331,0.22444899944054647,-0.15307096484211957,2.8179002854948467,3.905606270263777,-0.11342000805348958,-0.2367345644346947,1.2022328032561433,0.16775398290051022,-0.13865956812569466,-0.3340856398698446,0.1581351994814215,-0.2267511385546022,0.04318883904060523,0.5878726155331634,0.1927898908165063,1.4414648141702646,1.1476763693631773,-0.12318468193699256,-0.436221753058152,session_2020_06_09_1min.csv
user60,0.0,0.6594856228153596,1.4189512227763985,-1.6161570941392622,-0.24086175305011054,-0.1389805268010141,0.22444899944054647,-0.15307096484211957,-0.122485280642205,-0.45049832566190834,-0.6355944445705826,-0.35189849507677057,-0.7010692688854775,0.10507062446556593,-0.31741569034744205,0.5669301713404724,0.1418178757175249,-0.1944373410106328,0.015131675995974661,0.4972564208232118,-0.46155125628007715,0.7410306389121856,-0.8157843048369301,-0.09770710335507451,0.9492204032382362,session_2020_10_20_1min.csv
user61,0.0,-0.021491302670010554,-0.29569551584922904,0.29245449726437933,0.1503809722001959,-0.1096839839510853,0.22444899944054647,-0.15307096484211957,-0.42535250145015757,-0.2823716630937814,-0.06380540600801907,-0.14237053858406937,-0.044769554094450485,0.09986619677273392,-0.3311181698841427,-0.43940312137726334,0.06898366480982572,-0.3305850364478931,0.07314736791400206,0.19325310628908351,0.12411444130577816,0.1096245482198456,-0.3283684351996246,-0.06253326700500847,-0.4322167628691432,session_2020_06_09_1min.csv
user62,0.0,0.3255038732341578,1.1621576302188998,-1.2415959515670825,0.32165490144451614,-0.3851552516233288,0.22444899944054647,-0.15307096484211957,-0.1028335626526014,-0.6837897392488708,-0.8009934634132706,-0.37619468481805596,-0.5428797495438219,0.09783177230296194,-0.23692093837315162,1.4843014644878705,0.08440037698617048,-0.263352687309766,-0.3088038841152277,-0.01674037276559477,0.6683043142835768,-0.5206097299086473,-0.9542102193694676,-0.13242582452116564,0.6914554808939775,session_2020_05_28_1min.csv
user62,0.0,0.7200052936211675,-0.1299560233576446,-0.15042098419242195,0.2902267297001636,-0.2757002702372067,0.22444899944054647,0.5385830244444951,-0.777439005784709,-1.0409278914467104,-0.5230371852726835,-0.3253053866810713,-0.8467241835410301,0.07467020135284735,-0.3919946972338703,-0.49071145743457845,0.06445769130253037,-0.3124923911981135,-0.3997207120971002,-0.5181392676792054,0.4540289396955746,0.0825467133884825,-2.0174785628810854,-0.12425225540265228,0.538267856726435,session_2020_10_14_1min.csv
user63,0.0,-0.18191627533788404,-1.13375328139253,1.1593824012399756,0.4493929603892562,0.6598491168639767,0.22444899944054647,-0.15307096484211957,0.1589520256624668,0.11240556371960436,-0.3381678048768663,-0.2792825470888523,-0.4818069279726847,0.09584478963497521,-0.3312268586144316,-0.09171268248916659,0.10665497192952277,-0.23453843261266383,-0.29277780356277966,-0.11792201013670713,-0.1000216601965227,-0.042477357626495425,1.2640292793275516,-0.11091564388812128,0.6504645676315264,session_2020_06_09_1min.csv
user64,0.0,-1.8485578341800328,-0.24719105090300394,0.9445268724322984,-1.4532097926661345,-0.630216096019144,-2.959594946111391,-0.8447249541287343,0.14417762873348428,-1.112503508243623,-0.9412910286628414,-0.3955561074883274,-1.0192549504013388,0.11739425446693899,-0.23469816216847367,-0.36571076084116017,0.09240439487430599,-0.17855157961663112,-0.6924710167859669,-1.0123205729319142,-1.7134201495212593,-1.4546413052636984,-0.20376583655286468,-0.040854606491759954,2.4915289190459378,session_2020_06_09_1min.csv
user65,0.0,0.8724386965069776,0.6671061160523551,-0.9748859440165613,0.41907714235337157,8.55179781219909,0.22444899944054647,-0.15307096484211957,-1.1600022546533282,-1.1893235534992517,1.7197756149614407,1.7455359068248135,0.6715284234177629,0.2885555204526888,0.8902072113203157,2.119247075770929,0.27298915232697624,0.3480887157365977,-0.052512531871039755,-0.11832058478799055,-0.3453232458701228,-0.32869126709633795,-0.433360460033285,-0.1205170296817776,-1.4697282097359712,session_2020_06_09_1min.csv
user66,0.0,-0.3362967620107267,0.26957836323684586,-0.1305261006508536,0.4431734957868336,-0.26259656497434086,0.22444899944054647,-0.15307096484211957,0.12331164867640715,0.21235710589580675,-0.13617527466980642,-0.1534399326464426,0.27086667800452463,0.09668135233951687,-0.11195665090307329,-0.5082659630804183,0.012977778328688551,0.1256765007275772,0.3494870352758199,0.3955335114894423,-0.1052838349209858,-0.16530917482082003,-0.1560476946536699,-0.13896411013928336,-0.4084954109132202,session_2020_05_27_1min.csv
user67,0.0,0.32426673944053375,-0.6705620999826952,0.5205702668834405,0.3717496327503487,-0.3139022601955537,0.22444899944054647,-0.15307096484211957,0.21161200893484144,0.1375289543177154,-0.35685803760022095,-0.24060822797809014,0.27293389476047897,0.0759014435225397,-0.2532463808833749,-0.5007473837480401,0.07824500576304033,-0.3262259125445314,-0.20581829148047767,-0.2061526581007608,-0.4846302970656227,-0.7237000472715963,-0.29140250828655795,-0.13319137168499492,-0.43086522066059646,session_2020_10_14_1min.csv
user68,0.0,0.381792122713889,0.15108955163494187,-0.291237024687772,-0.953265000616118,-0.3542824270768314,0.22444899944054647,-0.15307096484211957,0.36956620234974874,0.5916298354481592,-0.2244127712148111,-0.235944715563708,0.0680525009820297,0.1048701894414759,-0.16559040583920243,-0.24477133773193105,0.06921767666720695,-0.2996850287729608,0.6329855075427093,1.0214145898214162,-0.3984201599784395,-0.6794422824915394,-0.4644628105959513,-0.11793444254937217,-0.05715571295393088,session_2020_06_09_1min.csv
user69,0.0,0.7834864870545326,-0.3776451842871841,0.06339290299807261,0.39182832652867766,-0.26078324233836736,0.22444899944054647,-0.15307096484211957,-0.4822449342636619,-0.9404714656817935,-0.6249975150670065,-0.3013693615855925,-0.8017994209008948,0.07793510307186802,-0.4059983095509139,-0.37150471948423364,0.08407358524017763,-0.33506807495761975,-0.262962771956654,-0.19745994993818233,0.28070096911470005,-1.295376995214081,-1.049997354079546,-0.10013797881199835,0.9990884586192944,session_2020_06_09_1min.csv
user7,0.0,-0.6719978864359082,0.456298521709744,-0.18163292677903234,0.10298375398912032,-0.305540180049211,0.22444899944054647,-0.15307096484211957,-1.327047036913829,-1.4908543888058667,0.2897119993526121,0.11353321033952755,-0.5898483874171624,0.04843728852395762,-0.405716740827651,-0.4383749492110976,0.0322865020824782,-0.28725708061960314,-0.12685928550450049,-0.21766656243008298,0.3649536481278642,-1.7659857462047297,-1.1339719637157248,-0.12812990398112029,-0.586398274267777,session_2020_06_09_1min.csv
user70,0.0,0.7486100915618097,-0.4868856982523773,0.1817370728558151,0.22153566328961616,-0.26295236952003426,0.22444899944054647,0.5385830244444951,-0.843649128405376,-1.1649317504304268,0.17462353474791462,0.20736246170327563,0.06372057949228319,0.048541749536460184,-0.24605192775496454,-1.2054180211605907,-0.0051974475136752985,-0.15566575558606013,0.6587313805221713,0.8194293825947684,1.068400586713103,-1.0364151208538483,-0.3255461356663924,-0.13711800598042898,-0.8614414300581882,session_2020_10_14_1min.csv
user71,0.0,-0.7592227624656176,2.1951930586040347,-1.8197809534984424,0.2897672930634731,-0.2966536875825537,0.22444899944054647,-0.15307096484211957,0.12219404257664278,-0.17075796544201122,-0.6060345577432289,-0.3355845823471927,-0.20494149960317617,0.13412719073088533,-0.11054907657643798,1.7067330390799993,0.1275212136385262,-0.17613166838405436,-0.046978387763336175,-0.14805143366071574,-0.33848859176880913,0.6227034543140183,-1.1318739713653687,-0.12428318655874795,0.2601561648205255,session_2020_10_15_1min.csv
user72,0.0,0.09089492539841586,0.21205821407221945,-0.23859950300155994,-0.2676178551750289,-0.20849028050480212,0.22444899944054647,-0.15307096484211957,-1.0304896735794105,-0.8426147916618415,-0.1164679883535232,-0.20247998936079287,-0.5601781858179226,0.07022399227327598,-0.3589150476221396,-0.3397704241686912,0.06143248172234548,-0.311788447212266,0.26975159578823493,0.20923602440807917,0.8186818737973566,-0.9506593621825468,-0.07193679079397092,-0.1277941693293858,-0.37929976071912963,session_2020_10_14_1min.csv
user73,0.0,1.3839381052685742,-0.1370583733869835,-0.3974915371180189,0.420030799384914,-0.3270099991440185,0.22444899944054647,-0.15307096484211957,1.2435205405234562,0.5064910836102549,-0.9067298907108838,-0.42606978883601904,-0.5242536053307518,0.16074659424398927,0.017457372902783822,1.1820426283197942,0.1860039979443147,0.058110369265111754,0.27646636737920915,0.2717224835657321,0.885428889789185,-2.138972759492226,0.9278575758185706,-0.07899991558965214,1.8770897106298339,session_2020_06_09_1min.csv
user74,0.0,-1.4595749498764488,-0.35549995133249085,0.8998855227528607,0.20419296543702428,-0.7395799580225835,-2.959594946111391,-0.8447249541287343,2.2388932778363166,1.2104571965035984,-0.9614340773980952,-0.43879957949729326,0.40374013374143314,0.12607084659924975,-0.15140392288742865,-0.1739077090659246,0.1203506779069443,-0.24206681172186495,-0.6756631619851681,-0.9677572864843085,0.49687496471199855,0.5874379608714312,1.3199602859347137,-0.11192689548356466,0.4078291786948813,session_2020_05_14_1min.csv
user75,0.0,-0.7231828677230978,0.403811867313887,-0.11160649178692034,0.3322703792043195,0.2015373525819138,0.22444899944054647,-0.15307096484211957,0.4137825897060252,1.6364751865140637,1.0742370781403434,0.3097352366144405,1.1638222528785391,0.06983952493344536,-0.03344335835557573,-0.36336987387132086,0.06875671836307631,-0.3038496289217456,-0.3377593598006664,-0.6960278687006634,0.847688543873389,-0.49798127174151097,1.1587967534214343,-0.13857953076848958,-1.0646440230736838,session_2020_06_11_1min.csv
user76,0.0,0.4439569647527452,-0.27897769072175443,0.09839031759108012,0.13428811746479938,-0.24784619538286098,0.22444899944054647,-0.15307096484211957,-0.2936316062514961,0.3895272146421218,3.6238361317875993,3.7483737901775185,4.081822751687334,0.6127069228205276,3.990028132533765,3.525431809896218,1.3526929696256262,4.258847069130677,0.12518970594653198,0.005908437964686458,0.46411490785813,0.5295340936364593,0.26891597298696707,0.10114336322550163,-2.265425416986218,session_2020_05_14_1min.csv
user77,0.0,0.47992711490767936,-0.019346318907819474,-0.1649346166318575,0.3721833197487416,-0.33461758981973666,0.22444899944054647,-0.15307096484211957,-0.4443002620503717,-0.9632038759041821,-0.9465457338002721,-0.397776930606913,-0.5226850857023325,-0.034724501912569226,0.007848801930028544,-3.8817517235924206,-0.13855507800410563,0.18460747856024465,0.4313299022514233,0.6655901888939313,0.5908739882588807,-0.5700665971944614,-0.1720751621260574,-0.1068184550859832,0.37991274878761894,session_1min.csv
user78,0.0,0.6657318535214245,0.03361027859590267,-0.28689335349632167,0.3837632083341548,-0.23883252670337013,0.22444899944054647,-0.15307096484211957,-0.21129008783203687,-0.4217578155745889,-0.5846489637826194,-0.34304776515571334,-0.5514653337336414,0.14982192946014838,0.8632602589940466,2.3079342603875332,0.4328764605828277,1.5116891816124414,0.04185975319069891,0.5855860999466559,-0.18954855245124994,1.4430497913735338,-0.146351308337697,-0.010936720850354305,0.5742867137413242,session_2020_05_22_1min.csv
user79,0.0,-0.5611272082479098,3.384653174563422,-3.0388984781457453,0.2852142816589374,0.2990012897093558,0.22444899944054647,-0.15307096484211957,-0.6881250828496132,-0.4800410177205408,0.08112470126798649,-0.1313990022439494,-0.4858120915934106,0.0831396040858592,-0.2938182320898346,-0.3129836338115369,0.08312524867747693,-0.3244071007934617,-0.5645025647321726,-0.4129832432410098,-0.8647099172881856,0.27515209508888366,-1.9533003612607014,-0.1035649072863931,-0.14425291448100258,session_2020_10_14_1min.csv
user8,0.0,0.7094253178819083,1.600220635231063,-1.809499126819186,0.290773297143717,-0.21538620475357106,0.22444899944054647,-0.15307096484211957,0.1131421228900826,-0.13255042721130322,-0.07298903364547281,-0.10774062477077267,0.16987325254737462,0.08306500117478177,-0.315293291450852,-0.45010660152147935,0.0625075548174794,-0.2928991413995804,-0.4201375672818756,-0.15632218411682258,-0.9745853745004606,1.4845830732983138,-0.5441175551343473,-0.1148620478507066,-0.4562234119844627,session_2020_10_18_1min.csv
user80,0.0,-1.5433295475666484,2.0098918244864654,-1.3418070793017833,-0.3502183559844463,0.36875519147867497,0.22444899944054647,-0.15307096484211957,-1.20499327774437,-0.3945747875915199,1.8800094288163003,0.8808834720673032,0.6655339235156483,0.11735646979717629,-0.21151773375416597,-0.18296531701146193,0.09702859566954544,-0.30853464975330047,-0.14391795308256697,-0.3044829368394776,0.9318770129609059,0.9777224875025298,-0.7961978086672971,-0.1195204770193547,-1.4969229151467953,session_2020_06_09_1min.csv
user81,0.0,0.7027780812193413,-1.2218675113443638,0.905761677074326,0.19819612042800527,-0.329666153789162,0.22444899944054647,-0.15307096484211957,-0.34507657495028043,-0.35705690477149826,-0.1415032185012576,-0.15589073131326403,-0.2691688519472673,0.053826901756252904,-0.30077064931503505,-0.7444826137244418,0.012859572889884863,-0.1971441508484941,-0.14167958224665306,0.46970552079780487,-0.2915689303321229,-0.15195128521859758,0.141734897756411,-0.10580260937447672,0.003603516011783849,session_2020_10_14_1min.csv
user82,0.0,-0.09143106962783142,-1.3699646358359523,1.3518365708699662,0.4318017012496343,0.4641269585287436,0.22444899944054647,-0.15307096484211957,-1.3577195220013933,-0.7804733420464874,1.3378583957147483,0.47683371201601804,-0.14027041582999017,0.11383636090326418,-0.26836342838064015,-0.22048236244761563,0.0824189575392092,-0.32184951687270164,-0.2974789911677835,-0.3051249939518484,-0.9268495964852781,0.9308214489083281,-0.2697982405728761,-0.12374400685184624,-1.2124667657519952,session_2020_05_17_1min.csv
user83,0.0,-0.27243752663587295,-0.10048715102440876,0.20077690510877358,0.3086991880310165,-0.1581189145728261,0.22444899944054647,-0.15307096484211957,0.7345312655854008,0.39963664656654085,-0.7310650348438902,-0.3988354739153569,-0.2762841920612986,0.07850097764758138,-0.30958407506380226,-0.37516727564248975,0.07785268134392184,-0.3325359018727274,-0.7386208997619454,-0.8648960336928027,-0.4015545865992969,-1.4154628409939527,-0.1864412623266242,-0.12869168025758218,0.6898854988985347,session_2020_06_01_1min.csv
user84,0.0,-1.941785938770596,-0.08616363598176756,0.8253918317277964,-1.3068010703902246,-0.8932121157101075,-2.959594946111391,-0.8447249541287343,3.453125913471104,1.9566899839773053,-1.2736746309454563,-0.5314926006234554,0.1649950069418786,0.24283916242343936,0.035223548997243184,-0.17721394521227168,0.2600689902951169,-0.09114930237576886,-0.8422935696680148,-1.5526382296299859,0.8975611354881463,-0.2378899286334674,2.8069325423547458,-0.09441407519127984,1.310079288128365,session_2020_09_16_1min.csv
user85,0.0,1.8940942922045305,0.8638273980765395,-1.5546794370956156,-0.17259581577903518,-0.06741976537322014,0.22444899944054647,-0.15307096484211957,-0.6455551605817134,-0.6213456302815537,0.23894957936516842,-0.026952433171162315,-0.4143448293548148,0.1127735406216877,-0.28013719480956145,-0.409759148559423,0.05662440426737074,-0.27015627915943646,0.08844600343189454,-0.07251755455990345,-0.09992646890264671,-0.5731669392766198,-1.6600728692446232,-0.09438937338239092,-0.15671559208879765,session_2020_10_14_1min.csv
user86,0.0,-0.38899765683197624,-0.6044781605941658,0.7298101697828522,0.4198067060636746,-0.36102069542842063,0.22444899944054647,0.5385830244444951,-1.3016375429140514,-1.7362424648481443,0.17310408302476057,0.11478848677736665,-0.8567381922740573,0.09415103465130507,-0.3312377881735072,-0.1450641499105341,0.08445122535726064,-0.10710454295403565,-0.22044421410312806,-0.348577079184217,0.5868752997062836,-1.0716959824070185,-0.5235671431458069,-0.13802181786751094,-0.28434354208803964,session_2020_06_09_1min.csv
user87,0.0,0.8297274512280944,-0.5387205069701768,0.20054256703410198,0.4811509736813716,0.47789859131459617,0.22444899944054647,-0.15307096484211957,-0.1948387466178161,0.26308276014543985,0.2910640252290008,-0.01782688533264101,0.2271926384119529,0.08129590001326029,0.04494125583329401,-1.5613943824040992,-0.12716127865865887,0.2759315472641992,0.161217175463005,0.2785432399328875,0.28075575872696334,2.237912416215122,0.07410863708899454,-0.12603210992730443,-0.5957945991898344,session_2020_05_15_1min.csv
user88,0.0,-0.25950446714477376,-0.20341683000680813,0.294771777482445,0.2347106025718742,-0.30955740001824755,0.22444899944054647,-0.15307096484211957,-0.4477145005099963,-0.37844936366223325,-0.13681998924596572,-0.1955998774537308,-0.657140766235289,0.1763165840428874,0.10723833846120638,1.3744682882670038,0.16424092608845475,-0.05549873010934196,-0.13195873097008,-0.0810535924359207,-0.17001321331401967,-0.05676950144645634,-0.10716500216204447,-0.13741124731874985,0.4754213344853874,session_2020_06_09_1min.csv
user89,0.0,-0.06351761787757623,-0.4571858848568315,0.46375782592296305,-0.20150318644107884,-0.3979300064235427,-1.0491685787802285,-0.15307096484211957,0.2034896557828944,-0.13163323658502613,-0.8960090284120652,-0.45064529681097504,-0.846796983033514,0.08368886398096019,-0.13519380634342928,-0.44647194491344894,0.07632399943978599,-0.3011588945094381,-0.4937190950310146,-0.7093504005345281,1.1232997934087408,0.8923257038073958,0.4220873139806943,-0.13369647499384374,1.6619681133364081,session_2020_10_14_1min.csv
user9,0.0,0.779044980392463,0.25408482334646143,-0.5421560636381146,-0.948278982382697,-0.35820665381013916,0.22444899944054647,-0.15307096484211957,2.0471786230654816,3.169216877986467,0.6153325163653194,0.1190821140120953,2.2074417517661193,0.1449432008691635,0.027069136056506224,-0.4558451604739916,0.10304784933297408,-0.3054612237629685,0.33183096507153725,0.8536604706156936,-0.7114528848808901,0.6851761552620232,0.41677216303766546,-0.031759537130820005,-1.2389132307272737,session_2020_05_14_1min.csv
user90,0.0,-1.4270939785147074,-0.48338294164720863,1.0103912384687832,-0.1069621440373991,-0.785558599700857,-2.6411905515561975,-0.15307096484211957,1.8638476245711455,1.2639395829845945,-0.7928931179710552,-0.4306501982918371,-0.20662661823194933,0.10361344502683192,-0.07702039125163175,-0.49547341810585616,0.068963789289605,-0.26428230339813996,-0.8215524316973332,-1.3423564468157676,0.6768953398590879,0.15671620277746104,0.014571587604845133,-0.13096432615575238,1.2145629200839227,session_2020_06_10_1min.csv
user91,0.0,-0.12577080398224508,-0.037006807031071974,0.08366921881782338,-0.4535084996997298,-0.4009889250283625,0.22444899944054647,-0.15307096484211957,0.5721630880049323,0.6393256101390317,-0.36232995492076653,-0.2553483169467679,0.6322235075782391,0.144731179655233,0.08537031443430848,2.2504894021876476,0.23653156362782965,0.18376451307081315,-0.21247261930815667,-0.30275390340301755,-0.009204512473981545,0.605775921421773,0.4322599223488779,-0.07988710949302881,-0.5696429777870167,session_2020_05_15_1min.csv
user92,0.0,-0.16181212187633429,1.5359222698839219,-1.4145186431412444,0.05600287425873932,-0.3773339687214085,0.22444899944054647,-0.15307096484211957,-0.4438638273722016,-0.6705051897214322,-0.4331281224643248,-0.27791038336086393,-0.5600319295335214,0.05751419456322936,-0.3746048027802728,-0.5080319748835388,0.05753839355640032,-0.3192809578045707,-0.2063779925019109,-0.04001521501446976,0.43001155743412073,-0.8275891349182516,-0.1356566718354386,-0.14091225291616194,0.4192478256412441,session_2020_10_14_1min.csv
user93,0.0,1.092896425968939,-0.6176613038398693,0.17578435339456036,0.1694605280559312,-0.26311652093402865,0.22444899944054647,-0.15307096484211957,-0.1935720790367472,-0.03752368023597755,0.033191010384194246,-0.10875569627518276,-0.029100249007764173,0.08499558791574867,-0.23350664863238743,-0.47827817394702093,0.02484421246395352,-0.12129093183314069,0.35054986968777824,0.5985809071991961,0.1167386462266298,-0.7818919648350087,-0.7608563272850128,-0.11562848628201194,-0.3386778703069932,session_2020_05_18_1min.csv
user94,0.0,2.184654674738661,-1.7079350215496714,0.806300396536167,0.5075512074769499,0.7754713993775013,0.22444899944054647,-0.15307096484211957,0.7528038290902587,1.1657142723623177,-0.4415593709303636,-0.3061464325938901,0.25960204165524015,0.22123692294700056,0.04679500427354548,-0.09229156956589556,0.12537940404895698,-0.27344592528251294,0.039283878311513185,0.3504380941345618,-0.3953769241879324,0.2398653225704683,-0.3717831006043537,-0.13055622789302657,-0.05285155954701135,session_2020_06_13_1min.csv
user95,0.0,-0.16273963829180696,-0.7159503045524818,0.7504378502137451,0.3419822969305425,0.1017865714004187,0.22444899944054647,0.5385830244444951,-0.03717780146870326,0.4820654516051912,0.31134735971324135,0.03643036726169334,0.9865131467971305,0.15747833972889844,0.07519438420508248,0.26887322995209906,0.24037229822305434,0.03520440665867207,0.7905035326374162,1.5516830216193318,0.05453494045343797,0.811896008969201,-0.8413068210726793,-0.08730292134235813,-1.0562211638351626,session_2020_06_03_1min.csv
user96,0.0,0.41341155088878,-0.9563103064490374,0.7611540862588867,0.334087493776442,0.536638189231285,0.22444899944054647,-0.15307096484211957,1.3608957996142803,1.297906891166802,-0.48449531162313114,-0.3278821023383437,0.08476291861288916,0.07297008558855754,-0.20138029289151027,-0.38412412422385184,0.07190744224887018,-0.32836620126700883,-0.21125003165699333,-0.36344626949557646,0.7757562662845461,-0.6203912947836688,0.23035399239273996,-0.11544213873181342,0.4186316595856347,session_2020_06_03_1min.csv
user97,0.0,1.8979143180211113,0.16402757446156235,-0.8834610203346839,0.5010343173946381,1.4385412899373633,2.7716841558820966,0.5385830244444951,-0.8152870836108752,0.5547530689704742,0.5062780276550167,0.009555715135703928,0.18432913755883584,0.23005660164553632,-0.08857411162037163,0.04570986050279911,0.09436072014074953,-0.30498931732379075,0.19865455317625258,-0.13540071472598111,0.5569987782152945,0.6623885638584084,0.5219321430136252,-0.1370359569006664,-0.7870579382623408,session_2020_05_17_1min.csv
user98,0.0,2.7287915886025873,-1.4937914090164355,0.392369924621585,0.24545405646118312,0.4770993612311062,4.682110523213259,0.5385830244444951,-0.2498452816778773,0.36178457302241945,0.25541987204405053,-0.0708715774092729,-0.02699658203216011,0.12345631969625562,-0.33268076127112944,-0.3691052117366898,0.09439228948045009,-0.33013803393756636,0.24761347141300077,0.7754741772258522,-1.0801467926058121,1.7374241814705351,1.2265150755694265,-0.12595347129403822,-0.30085150503152314,session_2020_10_14_1min.csv
user99,0.0,-0.31351587527855507,-0.17355513151949375,0.2867221172056969,0.32151983981038107,-0.08308740950240681,0.22444899944054647,-0.15307096484211957,-0.18496521113564635,0.3433105299569614,0.5927098599501576,0.0971799801522502,0.16583086073191858,0.0689683384005339,-0.26086011337134213,-0.3674726297449752,0.06457731493708928,-0.3292631376462063,0.13614788227541347,0.44822597150645593,-0.04459414991436115,0.6145072108583894,-0.6825746261999123,-0.1298965634656076,-0.6177474823406938,session_2020_10_19_1min.csv
